INSERT INTO users(first_name, last_name, email, phone, birthday_at) VALUES 
  ('Никита', 'Литвинчук', 'nikitalitvin@icloud.com', '8-911-989-76-45', '1995-03-13'),
  ('Станислав', 'Каробач', 'stanislav97@yandex.com', '8-913-123-77-90', '1997-01-19'),
  ('Иван', 'Орлов', 'orlovivan@icloud.com', '8-923-765-11-23', '1989-04-20'),
  ('Егор', 'Коряков', 'koryakov92@mail.ru', '8-999-987-34-54', '1992-10-10'),
  ('Александр', 'Дмитренко', 'a_dmitrenko@mail.ru', '8-913-435-28-90', '1998-12-30'),
  ('Кирилл', 'Друзьяк', 'd_kirill@yandex.com', '8-923-675-98-67', '2001-08-20'),
  ('Евгения', 'Акатьева', 'evgeniya17@icloud.com', '8-996-232-23-23', '2000-02-17'),
  ('Денис', 'Геранин', 'geranindenis@mail.ru', '8-913-478-67-23', '1999-10-03'),
  ('Игорь', 'Власов', 'vlasov_igor@icloud.com', '8-999-765-55-65', '1994-09-23'),
  ('Анна', 'Сапрыкина', 'annasapr@mail.ru', '8-923-189-45-32', '2003-07-26'),
  ('Лида', 'Трошина', 'lidatroshina@yandex.com', '8-923-200-86-48', '1994-04-10'),
  ('Антон', 'Байбиков', 'antonb@mail.ru', '8-996-365-01-76', '1992-11-27'),
  ('Венера', 'Санцевич', 'venera1999@mail.ru', '8-917-542-73-84', '1999-05-29'),
  ('Екатерина', 'Карпенко', 'ekaterinakarpenko@mail.ru', '8-918-267-09-27', '2000-10-02'),
  ('Вадим', 'Сергеев', 'vadim_sergeev@micloud.com', '8-911-657-24-37', '1989-04-08'),
  ('Андрей', 'Фарленков', 'farl11@mail.ru', '8-917-345-23-23', '2001-07-11'),
  ('Ольга', 'Круглова', 'kruglova2002@yandex.com', '8-918-487-90-34', '2002-03-01'),
  ('Сергей', 'Сидоров', 'serg_sidorov@mail.ru', '8-996-123-34-32', '1985-09-09'),
  ('Евгения', 'Долгополова', 'e_dolgopolova@mail.ru', '8-999-432-23-78', '1999-05-15'),
  ('Влад', 'Миллер', 'miller_vlad@icloud.com', '8-923-361-31-21', '1991-11-30'),
  ('Ян', 'Абасов', 'yan_abasov@mail.ru', '8-999-009-79-89', '1996-07-25'),
  ('Илья', 'Князев', 'knyazev1511@yandex.com', '8-999-857-67-67', '1996-11-15'),
  ('Юлия', 'Буга', 'uliyabuga@mail.ru', '8-918-355-98-0', '1997-10-21'),
  ('Владислав', 'Аверьянов', 'avervlad@mail.ru', '8-917-268-36-57', '1988-03-05'),
  ('Вадим', 'Пономарев', 'ponomarevvadim@mail.ru', '8-917-745-13-12', '1994-06-11'),
  ('Валерия', 'Исаева', 'valeriyaisaeva@icloud.com', '8-999-345-23-45', '1995-02-23'),
  ('Марк', 'Гранкин', 'mark2@yandex.com', '8-996-456-78-90', '1995-02-02'),
  ('Валентина', 'Петренко', 'valentinapetr@mail.ru', '8-913-123-45-67', '1998-01-10'),
  ('Алексей', 'Саломахин', 'alexsalomahin@mail.ru', '8-923-098-76-54', '2001-08-08'),
  ('Анна', 'Степанова', 'stepanovaa@mail.ru', '8-996-345-34-32', '1993-04-27');
  

INSERT INTO product_category(name) VALUES
  ('Новинки'),
  ('Вафли без сахара'),
  ('Протеиновые батончики'),
  ('Батончики-мюсли'),
  ('Шейкеры для спортивного питания'),
  ('Протеиновая каша'),
  ('Подарочные наборы'),
  ('Драже в шоколаде без сахара'),
  ('Шоколад без сахара'),
  ('Шоколадные дропсы без сахара'),
  ('Коллагеновые напитки'),
  ('Протеиновое печенье '),
  ('Протеиновый коктейль'),
  ('Панкейки с начинкой'),
  ('Витамины, минералы, пищевые добавки'),
  ('Веганские продукты'),
  ('Пончики протеиновые без сахара'),
  ('Топинги и соусы'),
  ('Смеси для выпечки'),
  ('Пасты ореховые и кокосовые'),
  ('Одежда Overlay'),
  ('Кето-продукты'),
  ('Комбо наборы'),
  ('Спортивные напитки'),
  ('Энергетические гели'),
  ('Хлебцы безглютеновые'),
  ('Полезные чипсы'),
  ('Здоровье'),
  ('Сахарозаменитель'),
  ('Низкокалорийные джемы для веганов');


INSERT INTO brends(name) VALUES
  ('Snaq fabriq'),
  ('Bombbar'),
  ('Chikalab'),
  ('Overlay');
  
INSERT INTO subcategory(name, category_id) VALUES
  ('Вафли в шоколаде без сахара', 2),
  ('Батончики протеиновые Bombbar 60г', 3),
  ('Протеиновые злаковые батончики', 3),
  ('Батончики Bombbar Slim 35г', 3),
  ('Протеиновые батончики Chikalab - Chikabar', 3),
  ('Протеиновые батончики Chikalab - Chika Layers', 3),
  ('Батончики протеиновые Bombbar в шоколаде', 3),
  ('Кето-батончики Bombbar', 3),
  ('Веган-батончики Bombbar', 3),
  ('Батончики Sneq Fabriq', 3),
  ('Протеиновые батончики Bombbar - Duo', 3),
  ('Батончики ореховые протеиновые Bombbar', 3),
  ('Драже в молочном шоколаде', 8),
  ('Драже в белом шоколаде', 8),
  ('Драже в тёмном шоколаде', 8),
  ('Молочный шоколад без сахара', 9),
  ('Тёмный шоколад без сахара', 9),
  ('Молочный шоколад без сахара с начинкой', 9),
  ('Белый шоколад без сахара', 9),
  ('Офсяное фитнес печенье', 12),
  ('Печенье с коллагеном', 12),
  ('Печенье диетическое низкокалорийное', 12),
  ('Протеиновое печенье Chikalab - Chikapie', 12),
  ('Протеиновое печенье Chikalab - Biscuit', 12),
  ('Кето-печенье', 12),
  ('Веган-печенье', 12),
  ('Протеиновое печенье Chikalab - Souffle Dessert', 12),
  ('Ореховое печенье Snaq Fabriq', 12),
  ('Порционный протеин', 13),
  ('Коктейль витаминно-минеральный', 13),
  ('Протеиновые коктейли 900г', 13),
  ('Веганские протеиновые коктейли', 13),
  ('Спортивные витамины и добавки', 15),
  ('Витамины для красоты', 15),
  ('Витамины для сердечно сосудистой системы', 15),
  ('Витамины для костей и суставов', 15),
  ('Витамины для иммунитета', 15),
  ('Антиоксиданты', 15),
  ('Витамины для улучшения памяти и работы мозга', 15),
  ('Витамины для нервной системы', 15),
  ('Добавки и витамины для нормализации сна', 15),
  ('Витамины для ЖКТ', 15),
  ('Энергия', 15),
  ('Спортивные добавки и витамины для похудения', 15),
  ('Веган-батончики', 16),
  ('Протеиновое веганское печенье', 16),
  ('Протеиновые коктейли веган', 16),
  ('Джемы низкокалорийные', 16),
  ('Топпинги сладкие веган', 16),
  ('Веганские сосусы', 16),
  ('Веганский шоколад', 16),
  ('Протеиновые панкейки', 14),
  ('Панкейки Snaq Fabriq', 14),
  ('Соусы', 18),
  ('Топпинги низкокалорийные', 18),
  ('Соусы сладкие', 18),
  ('Энергетические напитки', 24),
  ('Шоты L-carnitine', 24),
  ('Guarana', 24),
  ('Лимонад витаминизированный', 24),
  ('Изотоник', 24),
  ('Низкокалорийные чипсы Snaq Fabriq', 27),
  ('Протеиновые чипсы', 27),
  ('LifeStile Basic Collection', 21),
  ('Sport Basic Collection', 21),
  ('Топы и рашгарды Overlay', 21),
  ('Худи и свитшоты Overlay', 21),
  ('Брюки Overlay', 21),
  ('Тайтсы', 21),
  ('Велосипедки и шорты Overlay', 21),
  ('Футболки Overlay', 21),
  ('Юбки Overlay', 21),
  ('Спортивные костюмы Overlay', 21);
  

INSERT INTO products(name, amount, price, category_id, subcategory_id, brend_id) VALUES
  ('Ванильный крем', 12, 780.00, 2, 1, 1),
  ('Фундучный крем', 12, 780.00, 2, 1, 1),
  ('Арахис', 12, 1440.00, 3, 2, 2),
  ('Грецкий орех с медом', 12, 1440.00, 3, 2, 2),
  ('Клубника', 12, 1440.00, 3, 2, 2),
  ('Двойной шоколад', 12, 1440.00, 3, 2, 2),
  ('Пудинг "банан-манго"', 12, 1440.00, 3, 2, 2),
  ('Венские вафли', 12, 1440.00, 3, 2, 2),
  ('Смородиново-черничный панкейк', 12, 1440.00, 3, 2, 2),
  ('Миндаль-ваниль', 12, 1440.00, 3, 2, 2),
  ('Лимонный торт', 12, 1440.00, 3, 2, 2),
  ('Кокос', 12, 1440.00, 3, 2, 2),
  ('Малиновый чизкейк', 12, 1440.00, 3, 2, 2),
  ('Яблоко-корица', 12, 1440.00, 3, 2, 2),
  ('Печенье с кремом', 12, 1440.00, 3, 2, 2),
  ('Датский бисквит', 12, 1440.00, 3, 2, 2),
  ('Соленая карамель', 12, 1440.00, 3, 2, 2),
  ('Тирамису', 12, 1440.00, 3, 2, 2),
  ('Шоколад-фундук', 12, 1440.00, 3, 2, 2),
  ('Фисташковый пломбир', 12, 1440.00, 3, 2, 2),
  ('Ассорти №1', 20, 2400.00, 3, 2, 2),
  ('Ассорти №2', 20, 2400.00, 3, 2, 2),
  ('Ассорти №3', 20, 2400.00, 3, 2, 2),
  ('Ассорти №4', 20, 2400.00, 3, 2, 2),
  ('Гречишный', 12, 1440.00, 3, 3, 2),
  ('Рисовый', 12, 1440.00, 3, 3, 2),
  ('Овсяный с вишней', 12, 1440.00, 3, 3, 2),
  ('Арахис-фундук', 30, 1800.00, 3, 4, 2),
  ('Клюква и ягоды годжи (гуарана)', 30, 1800.00, 3, 4, 2),
  ('Ананас-вишня', 30, 1800.00, 3, 4, 2),
  ('Ассорти Slim', 30, 1800.00, 3, 4, 2),
  ('Ассорти в молочном шоколаде', 20, 2600.00, 3, 5, 3),
  ('Ассорти в белом шоколаде', 20, 2600.00, 3, 5, 3),
  ('Арахис с карамельной начинкой', 12, 1560.00, 3, 5, 3),
  ('Печенье с кремом', 12, 1560.00, 3, 5, 3),
  ('Тирамису с молочной начинкой', 12, 1560.00, 3, 5, 3),
  ('Клубника со сливками', 12, 1560.00, 3, 5, 3),
  ('Фисташковый крем', 12, 1560.00, 3, 5, 3),
  ('Кокос с шоколадной начинкой', 12, 1560.00, 3, 5, 3),
  ('Ассорти', 20, 2800.00, 3, 6, 3),
  ('Toffee & Caramel', 12, 1680.00, 3, 6, 3),
  ('Crispy Cookies', 12, 1680.00, 3, 6, 3),
  ('Hazelnut & Caramel', 12, 1680.00, 3, 6, 3),
  ('Pistachio Yogurt', 12, 1680.00, 3, 6, 3),
  ('Ассорти', 30, 2400.00, 3, 7, 2),
  ('Кокосовый торт', 30, 2400.00, 3, 7, 2),
  ('Фундучное пралине', 30, 2400.00, 3, 7, 2),
  ('Малиновый сорбет', 30, 2400.00, 3, 7, 2),
  ('Фисташковая меренга', 30, 2400.00, 3, 7, 2),
  ('Банановый пудинг', 30, 2400.00, 3, 7, 2),
  ('Тропический кокос и миндаль', 12, 1080.00, 3, 8, 2),
  ('Миндальная нуга с ванилью', 12, 1080.00, 3, 8, 2),
  ('Шоколадное парфе с миндалем', 12, 1080.00, 3, 8, 2),
  ('Ассорти', 12, 1080.00, 3, 8, 2),
  ('Датский рулет', 12, 1380.00, 3, 9, 2),
  ('Ассорти', 12, 1380.00, 3, 9, 2),
  ('Шоколадный маффин с фундуком', 12, 1380.00, 3, 9, 2),
  ('Банановый торт с клубникой', 12, 1380.00, 3, 9, 2),
  ('Ассорти', 30, 1950.00, 3, 10, 1),
  ('Арахис и карамель', 12, 900.00, 3, 10, 1),
  ('Фисташка и карамель', 12, 900.00, 3, 10, 1),
  ('Кремовая фисташка', 12, 1440.00, 3, 11, 2),
  ('Кремовое печенье', 12, 1440.00, 3, 11, 2),
  ('Капучино', 12, 1440.00, 3, 11, 2),
  ('Малиновый крем со сливками', 12, 1440.00, 3, 11, 2),
  ('Ассорти', 20, 2400.00, 3, 11, 2),
  ('Peanut Butter', 12, 1560.00, 3, 12, 2),
  ('Nut Coffee Raf', 12, 1560.00, 3, 12, 2),
  ('Ореховый микс', 12, 720.00, 12, 20, 2),
  ('Ягодный микс', 12, 720.00, 12, 20, 2),
  ('Ассорти', 12, 720.00, 12, 20, 2),
  ('Шоколад-мята', 12, 720.00, 12, 20, 2),
  ('С клюквой', 9, 160.00, 12, 20, 1),
  ('С шоколадом', 9, 160.00, 12, 20, 1),
  ('С орехами', 9, 160.00, 12, 20, 1),
  ('Творожный кекс', 10, 1200.00, 12, 21, 2),
  ('Шоколад', 10, 1200.00, 12, 21, 2),
  ('Арахис', 10, 1200.00, 12, 21, 2),
  ('Клубника', 10, 1200.00, 12, 21, 2),
  ('Лимон', 10, 1200.00, 12, 21, 2),
  ('Кокос', 12, 960.00, 12, 22, 2),
  ('Фисташка', 12, 960.00, 12, 22, 2),
  ('Смородина-Черника', 12, 960.00, 12, 22, 2),
  ('Арахис с начинкой', 9, 1170.00, 12, 23, 3),
  ('Шоколад с начинкой', 9, 1170.00, 12, 23, 3),
  ('Тройной шоколад', 9, 1170.00, 12, 23, 3),
  ('Бисквит яблочный штрудель', 9, 900.00, 12, 24, 3),
  ('Бисквит датский', 9, 900.00, 12, 24, 3),
  ('Бисквит лесная малина', 9, 900.00, 12, 24, 3),
  ('Шоколад с миндалём', 12, 1200.00, 12, 25, 2),
  ('Кокос с миндалём', 12, 1200.00, 12, 25, 2),
  ('Шоколадый десерт', 12, 960.00, 12, 26, 2),
  ('Ореховое пралине', 12, 960.00, 12, 26, 2),
  ('Малиновый десерт', 8, 1040.00, 12, 27, 3),
  ('Шоколадное суфле', 8, 1040.00, 12, 27, 3),
  ('Сливочная ваниль', 8, 1040.00, 12, 27, 3),
  ('Сливочный кокос', 12, 720.00, 12, 28, 1),
  ('Шоколадно-фундучное', 12, 720.00, 12, 28, 1),
  ('Десерт с солёной карамелью', 12, 720.00, 12, 28, 1),
  ('Ассорти', 12, 720.00, 12, 28, 1);

INSERT INTO orders(user_id, product_id, total) VALUES
  (1, 30, 1),
  (1, 15, 1),
  (1, 77, 1),
  (17, 45, 2),
  (11, 37, 1),
  (30, 2, 1),
  (30, 65, 1),
  (7, 23, 2),
  (3, 40, 1),
  (20, 100, 3),
  (21, 39, 2),
  (13, 55, 2),
  (7, 13, 1),
  (7, 89, 1),
  (4, 22, 2),
  (28, 28, 1),
  (23, 34, 2),
  (23, 79, 1),
  (15, 25, 1),
  (22, 92, 2),
  (22, 12, 1),
  (2, 77, 2);

INSERT INTO networks VALUES
  (1, 'https://vk.com/snaq_fabriq', NULL, 'https://t.me/snaq_fabriq'),
  (2, 'https://vk.com/bombbarru', 'https://www.youtube.com/channel/UCZW3JRTPJcegHAsBu9MlYOw', 'https://t.me/bombbar'),
  (3, 'https://vk.com/chikalab', 'https://www.youtube.com/channel/UCYjpWyuDfzHyC50WcpDOeiQ', 'https://www.youtube.com/channel/UCYjpWyuDfzHyC50WcpDOeiQ');

INSERT INTO availability_of_goods(product_id) VALUES
  (1),
  (2),
  (3),
  (4),
  (5),
  (6),
  (7),
  (8),
  (9),
  (10),
  (11),
  (12),
  (13),
  (14),
  (15),
  (16),
  (17),
  (18),
  (19),
  (20),
  (21),
  (22),
  (23),
  (24),
  (25),
  (26),
  (27),
  (28),
  (29),
  (30),
  (31),
  (32),
  (33),
  (34),
  (35),
  (36),
  (37),
  (38),
  (39),
  (40),
  (41),
  (42),
  (43),
  (44),
  (45),
  (46),
  (47),
  (48),
  (49),
  (50),
  (51),
  (52),
  (53),
  (54),
  (55),
  (56),
  (57),
  (58),
  (59),
  (60),
  (61),
  (62),
  (63),
  (64),
  (65),
  (66),
  (67),
  (68),
  (69),
  (70),
  (71),
  (72),
  (73),
  (74),
  (75),
  (76),
  (77),
  (78),
  (79),
  (80),
  (81),
  (82),
  (83),
  (84),
  (85),
  (86),
  (87),
  (88),
  (89),
  (90),
  (91),
  (92),
  (93),
  (94),
  (95),
  (96),
  (97),
  (98),
  (99),
  (100);
  
UPDATE availability_of_goods SET
  `value` = FLOOR(10 + RAND() * 500);

INSERT INTO delivery_address(user_id, city, street, house) VALUES
  (1, 'Калиниград', 'Калинина', '5'),
  (2, 'Москва', 'Тверская', '17'),
  (3, 'Санкт-Петербург', 'Омская', '13'),
  (4, 'Красноярск', 'Леонова', '74'),
  (5, 'Новосибирск', 'Ленина', '55'),
  (6, 'Ачинск', 'Кирова', '48'),
  (7, 'Железногорск', 'Тюленина', '28'),
  (8, 'Санкт-Петербург', 'Невский проспект', '13'),
  (9, 'Москва', 'Покровская', '33'),
  (10, 'Калининград', 'Портовая', '47'),
  (11, 'Ярославль', 'Аксакова', '35'),
  (12, 'Владивосток', 'Проспект мира', '7а'),
  (13, 'Тюмень', 'Большакова', '76'),
  (14, 'Омск', 'Железнодорожная', '5а'),
  (15, 'Кемерово', 'Ленинский проспект', '22'),
  (16, 'Новосибирск', 'Проспект мира', '56'),
  (17, 'Черняховск', 'Комсомольская', '32'),
  (18, 'Белгород', 'Мояковского', '37'),
  (19, 'Воронеж', 'Лермантово', '7в'),
  (20, 'Смоленск', 'Ломоносова', '14'),
  (21, 'Санкт-Петербург', 'Пушкина', '77'),
  (22, 'Москва', 'Фрунзе', '29'),
  (23, 'Волгоград', 'Восточная', '46'),
  (24, 'Сочи', 'Ленинградский проспект', '64'),
  (25, 'Калининград', 'Елизоветинская', '1'),
  (26, 'Лесосибирск', 'Карамзина', '31'),
  (27, 'Зеленогорск', 'Судостроительная', '52'),
  (28, 'Нижний Новгород', 'Юбилейная', '33'),
  (29, 'Казань', 'Кипарисовая', '12'),
  (30, 'Чита', 'Озерная', '19');

UPDATE  delivery_address SET
  flat = FLOOR(1 + RAND() * 100);


INSERT INTO bonuses(user_id) VALUES
  (1),
  (2),
  (3),
  (4),
  (5),
  (6),
  (7),
  (8),
  (9),
  (10),
  (11),
  (12),
  (13),
  (14),
  (15),
  (16),
  (17),
  (18),
  (19),
  (20),
  (21),
  (22),
  (23),
  (24),
  (25),
  (26),
  (27),
  (28),
  (29),
  (30);
  
UPDATE bonuses SET
  bonus_amount = FLOOR(RAND() * 300);


INSERT INTO reviews(review) VALUES
  ('Отлично'),
  ('Рекомендую'),
  ('Очень вкусно'),
  ('Не советую, плохое качество'),
  ('Супер, буду заказывать еще'),
  ('Другие вкусы лучше'),
  ('3/5'),
  ('Отлично'),
  ('упер, буду заказывать еще'),
  ('Не советую, плохое качество'),
  ('Рекомендую'),
  ('Очень вкусно'),
  ('Другие вкусы лучше'),
  ('Не советую, плохое качество'),
  ('Отлично'),
  ('упер, буду заказывать еще'),
  ('Очень вкусно'),
  ('Другие вкусы лучше'),
  ('3/5'),
  ('Не советую, плохое качество'),
  ('Рекомендую');
  
UPDATE reviews SET
  user_id = FLOOR(1 + RAND() * 30),
  product_id = FLOOR(1 + RAND() * 100);
  